TRBV19*01,CASSTVTSKGSDTQYF
TRBV20-1*01,CSATDVTKGQLISGYTF
TRBV12-3*01,CASSLAGYEQYF
TRBV6-5*01,CASSKQSGTGYYGYTF
TRBV6-1*01,CASSGTDSNQPQHF
TRBV28*01,CASSFQGFTEAFF
TRBV19*01,CASSIPDTEAFF
TRBV6-5*01,CASSLQTGAGGFGYTF
TRBV2*01,CANTRGENTEAFF
TRBV6-5*01,CASSLQTGVRSYEQYF
TRBV28*01,CAVNGGSNYGYTF
TRBV5-8*01,CQQLLFSGGGNEQFF
TRBV2*01,CASSSSGRDYEQYF
TRBV4-2*01,CASSQEQGPGNQPQHF
TRBV19*01,CASGEGGELFF
TRBV11-3*01,CASSSSTGTGRCLLPNNTEAFF
TRBV19*01,CASSNHRDRDTDTQYF
TRBV5-6*01,CASSPLDSGGFYEQYF
TRBV15*01,CATSSSWDRNQPQHF
TRBV10-3*01,CAISEPTGTSGEGEQFF
TRBV5-1*01,CASSCAGGPRDEQYF
TRBV7-9*01,CASSLVGTGGWDEQFF
TRBV15*01,CATSREGPNQPQHF
TRBV13*01,CASSYGGGEDYGYTF
TRBV24-1*01,CATSDLKVHSGNYGYTF
TRBV7-2*01,CASSFRTINNEQFF
TRBV30*01,CAWSSRGQMTDTQYFG
TRBV6-5*01,CASSPITGTGSYGYTF
TRBV6-5*01,CANSYATGIGNYGYTF
TRBV4-3*01,CASSQDLWQGGYNEQFF
TRBV7-9*01,CASRASGLASNEQFF
TRBV5-1*01,CASSLAGRETEAFF
TRBV27*01,CASNPSGGYTGGLFF
TRBV6-5*01,CASSAQTGASYGYTF
TRBV6-5*01,CASSWKTGTGGTGYTF
TRBV29-1*01,CSVVSQFVTDTYF
TRBV6-5*01,CASSYSTGVPGELFF
TRBV27*01,CASSEVAGSPGEPF
TRBV27*01,CASNPSGGYTGELFF
TRBV20-1*01,CSTRDQRGLAGGIGDTQYF
TRBV9*01,CASSAGSGSGYNEQFF
TRBV20-1*01,CSARDQRGLAGGIGDTQYF
TRBV3-1*01,CASSFQGYTEAFF
TRBV12-4*01,CASSSVNEQYF
TRBV7-9*01,CASSLAERSYEQYF
TRBV6-4*02,CASSVTPSSYNEQFF
TRBV5-1*01,CASSLAASVNPAYGQYF
TRBV27*01,CASSFGTGHTGELFF
TRBV13*01,CASSETGATNYGYTGF
TRBV6-5*01,CATDAGQGLFYGYTF
TRBV28*01,CASSVQGYTEAFF
TRBV6-6*01,CASSYGFGPAQGEKLFF
TRBV7-2*01,CASSPEYLQTDTQYF
TRBV29-1*01,CSVCFWFGSSYNEQFF
TRBV30*01,CAWVPTGTGGTEAFF
TRBV12-4*01,CASSIVNEAFF
TRBV11-3*01,CASSLRSNTGELFF
TRBV5-1*01,CASSLSLLAGNNEQFF
TRBV6-5*01,CASSYSTGTHLEQYF
TRBV25-1*01,CATEQGMHEQYF
TRBV27*01,CASSITLGTGGVEQYF
TRBV7-2*01,CASSLAGADTQYF
TRBV3-1*01,CAGSQVWGSDEKLFF
TRBV7-3*01,CASSLQAGANEQFF
TRBV12-5*01,CASGLSDRGGDEQFF
TRBV6-3*01,CVSSYGAGLDEQYF
TRBV20-1*01,CSARGQDIYEQYF
TRBV5-1*01,CASSDPDRAVTEAFF
TRBV15*01,CATSSSWDPNQPQHF
TRBV12-4*01,CASSSANDGYTF
TRBV16*01,CASSQLGPSAYEQYF
TRBV12-4*01,CASSSTHYGYTF
TRBV4-1*01,CASSQGLGREGASEQFF
TRBV27*01,CASSFTLGTGGVEQYF
TRBV5-1*01,CASSLTGNTEAFF
TRBV6-1*01,CASSYSTGIGGGYTF
TRBV9*01,CASSVPSGGETQYF
TRBV27*01,CASSLVSGSPTGELFF
TRBV9*01,CASSGVGGTDTQYF
TRBV7-9*01,CASSFPKDGSTYEQYF
TRBV19*01,CASSPRTNQHEQYF
TRBV20-1*01,CSARDGLAGHYEQYF
TRBV12-4*01,CANSSANYGYTF
TRBV13*01,CASSDDRVRYGYTF
TRBV12-4*01,CASSQALPYEQYF
TRBV9*01,CASNPMGQGILFF
TRBV29-1*01,CSVEGYGQGIGYNEQFF
TRBV14*01,CASSPRDRANTEAFF
TRBV3-1*01,CASSFLQVTEAFF
TRBV7-2*01,CASSLSQLWETQYF
TRBV12-4*01,CASSPGSINYGYTF
TRBV27*01,CASSLPGTFGEGGELFF
TRBV6-1*01,CASSEVGATNYGYTF
TRBV24-1*01,CATSSGYEAGDNYEQYF
TRBV7-2*01,CASSLSQLWETRYF
TRBV6-1*01,CASSPLTGTGHYGYTF
TRBV15*01,CAASREGPNQPQHF
TRBV7-9*01,CASSLDRDRGRPEAFF
TRBV29-1*01,CSVGRAQNEQFF
TRBV27*01,CASSFSGGAPGELFF
TRBV6-5*01,CASRGLTGGLGELFF
TRBV12-3*01,CASSLTSEQFF
TRBV6-2*01,CASSSLPGGTEAFF
TRBV12-4*01,CAGSSAYYGYTF
TRBV12-4*01,CASSSANYGYTF
TRBV5-1*01,CASSLRQGEGMGEQFF
TRBV12-4*01,CASASANYGYTF
TRBV12-3*01,CASSFYSSGRNSYF
TRBV13*01,CASSYSTGAGETQYF
TRBV7-8*01,CASSLSPTSGLSYEQYF
TRBV5-1*01,CASRALRGDNEQFF
TRBV6-3*01,CASSYSIRRGVNEQFF
TRBV6-5*01,CASSPTTGTGWWGYTF
TRBV20-1*01,CSARDQRGLAGGIEDTQYF
TRBV12-4*01,CASSSVTEAFF
TRBV7-2*01,CASSQDPFAVLNTEAFF
TRBV12-4*01,CASSPGLPYEQYF
TRBV10-1*01,CASSGVGGWDEQYF
TRBV5-1*01,CASRSGTYDNSPLHF
TRBV10-2*01,CASSESMIQHF
TRBV11-2*01,CASSSKTSGVINEQFF
TRBV27*01,CASSAVAGAPLEQYF
TRBV5-1*01,CASMNDGATYEQYF
TRBV7-2*01,CASSPKLQGAWAEKLFF
TRBV12-4*01,CASSFFSKKYNNEQFF
TRBV12-3*01,CASSLSDRGGDEQFF
TRBV10-1*01,CASSELGGAGTGELFF
TRBV28*01,CASSGRWTAYNEQFF
TRBV11-2*01,CASSLRWRQANTESF
TRBV14*01,CASSLEGYTEAFF
TRBV20-1*01,CSARDPLDYVRTDTQYF
TRBV6-5*01,CASSPSTGVTFYGYTF
TRBV9*01,CASSALGGGGTGELFF
TRBV30*01,CAWSVSDIMNTEAFF
TRBV12-3*01,CASSPGSSFYGYPF
TRBV27*01,CASTLTSGSPYTEQFF
TRBV20-1*01,CSAPPAGEYSNQPQHF
TRBV7-6*01,CASSLAPGATSEKLFF
TRBV5-1*01,CASSWAGEPRDEQYF
TRBV5-4*01,CASSPGTEETQYF
TRBV28*01,CASSFQEYTEAFF
TRBV9*01,CASSALGGAGTGELFF
TRBV20-1*01,CSARDFDRTGELFF
TRBV15*01,CATGRGGMIGEQYF
TRBV27*01,CASSSDPSGGGYNEQFF
TRBV28*01,CASRGDRGSSPLHF
TRBV13*01,CASSPQTGTIYGYTGF
TRBV12-4*01,CASSVVNEQFF
TRBV12-4*01,CASSSAYYGYTF
TRBV20-1*01,CSAAPGDGYGYTF
TRBV30*01,CAWSVTTSSYNSPLHF
TRBV7-2*02,CASSQTQLWETQYF
TRBV19*01,CASSIGETGGIPQHF
TRBV12-4*01,CASSPGTYGYTF
TRBV9*01,CASSVAGSATGELFF
TRBV27*01,CASSPTGGGTGELFF
TRBV13*01,CASTLLGGAGYNEQFF
TRBV5-1*01,CASSWAGGPRDEQYF
TRBV15*01,CATSSSWDLNQPQHF
TRBV27*01,CASNPSGGYAGELFF
TRBV7-6*01,CASSLAPGSTNEKLFF
TRBV9*01,CASSVEGTSGRSYNEQFF
TRBV5-1*01,CASFRGHEQFF
TRBV6-5*01,CASSYFGGNTEAFF
TRBV19*01,CASSIGGTGGIPQHF
TRBV20-1*01,CSARDGLTGHYEQYF
TRBV30*01,CAWVPGTGGTEAFF
TRBV27*01,CASSWLMGTTYNEQFF
TRBV6-6*01,CASSPLTGTGVYGYTF
TRBV28*01,CASTGGLPYGYTF
TRBV27*01,CASSPVAGAPYNEYF
TRBV11-2*01,CASSFTWTSGGTTDTQYF
TRBV5-5*01,CASSPGTGNYNEQFF
TRBV12-4*01,CASSSAHYGYTF
TRBV13*01,CASSYQTGAGGYGYTGF
TRBV20-1*01,CSARGGETSGGFSYEQYF
TRBV7-6*01,CASSLAPGTTNEKLFF
TRBV27*01,CASSMTSGALYNEQFF
TRBV29-1*01,CSGGTGELFF
TRBV30*01,CAWSVSDVANTEAFF
TRBV14*01,CASSLFVGGPGNEQFF
TRBV12-4*01,CATAITSTQYF
TRBV4-1*01,CASSAGGGSYNEQFF
TRBV12-3*01,CASSLRPLDMNTEAFF
TRBV20-1*01,CSARDRNTQGPETQYF
TRBV28*01,CASRSAQRGFTETQYF
TRBV12-4*01,CASSWNEQFF
TRBV6-5*01,CASRALAGGQVEQFF
TRBV28*01,CASSFSSLNTGELFF
TRBV11-1*01,CASSSAFYGYTF
TRBV20-1*01,CSLRSQGTDTQYF
TRBV13*01,CASSLQTGATFNYGYTF
TRBV6-5*01,CASSYQTGTIYGNTF
TRBV27*01,CASSLLIQGGENTEAFF
TRBV6-5*01,CASSYATGIGNYGYTF
TRBV6-5*01,CASSYQTGTIYGNT
TRBV27*01,CASRPGQGGYEQYF
TRBV6-5*01,CASSYSTGTPGIYTF
TRBV15*01,CATSSSWDLNQPRHF
TRBV9*01,CASSVGLPYEQYF
TRBV27*01,CASSPGTGHTGELFF
TRBV4-1*01,CASSQADRAVYGYTF
TRBV27*01,CASSPGTGHGELFF
TRBV30*01,CAWSSRDSMTDTQYF
TRBV15*01,CATSRDLAEVNTEAFF
TRBV6-6*01,CASSHWDRETSGNTIYF
TRBV10-1*01,CASRDQTAYYGYTF
TRBV12-4*01,CACSSANYGYTF
TRBV29-1*01,CSVSGTHYEQYF
TRBV12-4*01,CASSLVGGRYGYTF
TRBV13*01,CASSPVTGGIYGYTGF
TRBV12-4*01,CASSSASYGYTF
TRBV6-3*01,CASSPGLELFF
TRBV6-3*01,CASSYATGASYGYTF
TRBV6-5*01,CASSYFLAGGSGANVLTF
TRBV4-2*01,CAGSQEQGPGNQPQHF
TRBV6-5*01,CASSCQTGAACGYTF
TRBV30*01,CAWIPGTGGAGGL
TRBV27*01,CASSEVAGSPGELFF
TRBV7-2*01,CASSIDYYSNQPQHF
TRBV29-1*01,CSVDETGGGETQYF
TRBV6-5*01,CAGSKQSGTGYYGYTF
TRBV30*01,CAWSISDLAKNIQYF
TRBV6-5*01,CASRGLAGGLGELFF
TRBV28*01,CASSIGLHYEQYF
TRBV6-1*01,CASTPQTGTGTYGYTF
TRBV9*01,CASSVGSEAYTYEQYF
TRBV12-4*01,CASSSVSGYTF
TRBV7-2*01,CASSRVPSEQFF
TRBV29-1*01,CSVGGTLDTQYF
TRBV27*01,CASSRPGQGGYEQYF
TRBV7-3*01,CASSVDVAGGYNEQFF
TRBV27*01,CASTLTSGSPYNEQFF
TRBV15*01,CATSSELQIGELFF
TRBV6-5*01,CASSEVTGTAWGYTF
TRBV27*01,CASSLEGFTEAFF
TRBV15*01,CATGRGGKIGEQYF
TRBV7-3*01,CASSLSGGGEQFF
TRBV29-1*01,CSLKSSGNSSYEQYF
TRBV7-3*01,CASSPHQAGTQYF
TRBV6-1*01,CAGSEVGATNYGYTF
TRBV3-1*01,CASSQVWGSGEKLFF
TRBV6-5*01,CASSPQTGVGYGYTF
TRBV5-1*01,CASSLVASVNPAYGQYF
TRBV12-4*01,CASSFAHLSYNEQFF
TRBV19*01,CASSPRTSQHEQYF
TRBV13*01,CASSPVAGGAYNEQFF
TRBV6-6*01,CASSYTLASYEQYF
TRBV6-3*01,CASSYQTGASYGYTF
TRBV29-1*01,CSVVAGGADTQYF
TRBV14*01,CASTGTSGALYNEQFF
TRBV27*01,CASSPTGGSPSPLHF
TRBV6-5*01,CASSYQTGAIYGYTF
TRBV12-4*01,CASSVVNEAFF
TRBV27*01,CASSLTSGSPYNEQYF
TRBV9*01,CASSPGTGREQFF
TRBV29-1*01,CSVDRYGGDTYEQYF
TRBV20-1*01,CSARDPSGLAGGLAETQYF
TRBV5-6*01,CASSSGGTGGYEQYF
TRBV5-1*01,CASSPQAGGGETQYF
TRBV27*01,CASSPVAGAPHEQYF
TRBV6-5*01,CASSPVQGAFYNSPLHF
TRBV6-5*01,CASSPVTGQGFYGYTF
TRBV12-4*01,CASSLVVGTGNYGYTF
TRBV5-1*01,CASVNDGATYEQYF
TRBV6-5*01,CASSYQTGTGTYGYTF
TRBV30*01,CAWSVSDLAKNIQYF
TRBV6-4*01,CASSDGIQGAWANVLTF
TRBV12-3*01,CASSLTNEQFF
TRBV6-3*01,CASSPGLASPYSYNEQFF
TRBV2*01,CASSYFDEKLFF
TRBV10-1*01,CASSDAGFRTQYF
TRBV12-3*01,CASSLFGGGTEAFF
TRBV7-2*01,CASSSSFPGGGNEQFF
TRBV6-5*01,CASSQQTGTIGGYTF
TRBV12-3*01,CASSPGTLKETQYF
TRBV30*01,CAWSSRGQMTDTQYF
TRBV7-3*01,CASSPHQADTQYF
TRBV27*01,CASSKTGGSPYNEQFF
TRBV6-1*01,CASSEESGRAAEQYF
TRBV6-1*01,CASSPWTGTLNTEAFF
TRBV6-5*01,CASGPGTSATDTQYF
TRBV5-5*01,CASSFEEPQGGLGIYNEQFF
TRBV24-1*01,CATSDLSGMNEQFF
TRBV6-1*01,CASSEPDGVFIAFF
TRBV7-6*01,CASSSQGDSLGSDTQYF
TRBV5-1*01,CARSWAGGPRDEQYF
TRBV6-1*01,CASREGEYYGYTF
TRBV3-1*01,CASSPADRTRNTEAFF
TRBV6-5*01,CASSYFGSQSEQYF
TRBV12-4*01,CASAIVGELFF
TRBV6-1*01,CASSLAPGATNEKLFF
TRBV28*01,CASSFGLNQPQHF
TRBV27*01,CGSNPSGGYTGELFF
TRBV6-5*01,CASSKGEVTEAFF
TRBV15*01,CATSRGDWTGGVTGELFF
TRBV6-6*02,CASSSETELLYYGYTF
TRBV12-4*01,CASSIQALLTF
TRBV7-2*01,CASSLDSTGGDGELFF
TRBV28*01,CASTLWSATNEKLFF
TRBV18*01,CASSPRQGGKQPQHF
TRBV12-5*01,CASGLTGFMDEQYF
TRBV14*01,CASSAWDRSSGANVLTF
TRBV13*01,CASHYGGSSYEQYF
TRBV6-5*01,CASSYQTGTIYGYTF
TRBV7-3*01,CASSLVASGQETQYF
TRBV6-5*01,CASSPQTGAIYGYTF
TRBV12-3*01,CASSLAPGDGYEQYF
TRBV20-1*01,CSAKILAGAGSEQYF
TRBV6-5*01,CASSPITGTGAYGYTF
TRBV7-9*01,CASSTRTGQETQYF
TRBV6-5*01,CASSLVTGTGKYGYTF
TRBV6-3*01,CASSYFPLADTQYF
TRBV5-1*01,CASSTSLLAGNNEQFF
TRBV20-1*01,CSAESLDFRASTDTQYF
TRBV12-4*01,CASSLPPGRGYTEAFF
TRBV27*01,CASTPAGGAPGELFF
TRBV5-6*01,CASSSQRESETQYF
TRBV7-8*01,CASSLNAGESYNEQFF
TRBV13*01,CASSLGGGSYEQYF
TRBV6-5*01,CASSYSAITGELFF
TRBV12-4*01,CASSSVNEQFF
TRBV13*01,CASSYQTGTGNYGYTF
TRBV7-9*01,CASSFGQAWYEQYF
TRBV2*01,CASSEALLGRANYGYTF
TRBV20-1*01,CSAKILSGAGSEQYF
TRBV27*01,CASSLTSGSPYNEQFF
TRBV4-1*01,CASSQEEGPGNQPQHF
TRBV24-1*01,CATSDRTSATEAFF
TRBV5-1*01,CASSLGLAATYNEQFF
TRBV6-1*01,CASSDAENTEAFF
TRBV9*01,CASSALGGGDTGELFF
TRBV4-3*01,CASSPTSGVAGELFF
TRBV12-3*01,CASRLGLGYEQYF
TRBV29-1*01,CSVQRGGFETQYF
TRBV13*01,CASSYQTGTGVYGYTF
TRBV20-1*01,CSASNMERWVGQPQHF
TRBV9*01,CASSVGAGVFTDTQYF
TRBV7-2*01,CASSGGTGWGTGELFF
TRBV18*01,CASSPPAGSYNEQFF
TRBV12-4*01,CASSFWREPTYEQYF
TRBV6-3*01,CASSLARYGYTF
TRBV6-3*01,CASSYSWTGSNYGYTF
TRBV15*01,CATSRDLVAETQYF
TRBV12-4*01,CASSPGSIAYGYTF
TRBV6-1*01,CASSEEPSGGAYEQYF
TRBV13*01,CASSYVTGTGSYGYTGF
TRBV13*01,CASSFQTGASYGYTF
TRBV13*01,CASSPTTGTGHYGYTF
TRBV27*01,CASSFAGGAAGELFF
TRBV5-1*01,CASSLMGPGQPQHF
TRBV7-2*01,CANSIDYYSNQPQHF
TRBV13*01,CASSPVTGTGHYGYTF
TRBV6-3*01,CASSYWDRITSGNTIYF
TRBV12-4*01,CASGPLLLMTNEQFF
TRBV7-3*01,CASSLRGGGDTQYF
TRBV20-1*01,CSARDEVRADYGYTF
TRBV25-1*01,CASSEYASHEAFF
TRBV6-5*01,CASSSLYGDTGELFF
TRBV6-3*01,CASSYQTGAAYGYTF
TRBV24-1*01,CATSDLSGMDEQFF
TRBV12-4*01,CASSFIGGVDGYTF
TRBV7-2*01,CASSTPWGGTSGATDTQYF
TRBV20-1*01,CSAFSGAAFVTDTQYF
TRBV7-9*01,CASSFGQAWETQYF
TRBV2*01,CARGSERNTIYF
TRBV6-1*01,CASSETSGRSPYEQYF
TRBV9*01,CASSSLGGAGTGELFF
TRBV6-5*01,CASSLTTGTGSYGYTF
TRBV9*01,CASSVASGRAHEQYF
TRBV7-8*01,CASSLGGGGFYEQYF
