TRBV6-4*01,CAVGAGATYEQYF
TRBV6-2*01,CASSKNYEQYF
TRBV5-6*01,CASSFRGRESYEQYF
TRBV27*01,CASSLASGGALYNEQFF
TRBV6-3*01,CASSSSGTAYGYTF
TRBV4-3*01,CASSAQGDSYEQYF
TRBV12-4*01,CASGTEIFYYEQYF
TRBV6-5*01,CASSRQGGYGYTF
TRBV24-1*01,CATSDWSGGPGGDEQFF
TRBV6-6*01,CASSPGGVSYGYTF
TRBV6-1*01,CASSETGTQAYEQYF
TRBV6-6*01,CASSPQGAYGYTF
TRBV18*01,CASSSGTVSYEQYF
TRBV7-8*01,CASSLTQGNYEQYF
TRBV15*01,CATSSASSYEQYF
TRBV24-1*01,CATARQGDQETQYF
TRBV27*01,CASSLSARRDMEETQYF
TRBV6-6*01,CASTPGTGAYEQYF
TRBV9*01,CASSAGGTPDQPQHF
TRBV19*01,CASSFLAGPDTPPNTGELFF
TRBV6-6*01,CASTRQGAYEQYF
TRBV14*01,CASSQEGTPISYEQYF
TRBV18*01,CASSPAGVSYEQYF
TRBV28*01,CASSLRGADNEQFF
TRBV27*01,CATPGNYEQYF
TRBV9*01,CASSVAKGGHSDDGYTF
TRBV13*01,CASSPAGQGAGTGELFF
TRBV15*01,CATSRAGAYEQYF
TRBV7-2*01,CASSHGQGAYEQYF
TRBV19*01,CASSHWRGTDTQYF
TRBV5-4*01,CASSLGAYNSPLHF
TRBV29-1*01,CSVSGERGTDTQYF
TRBV6-5*01,CASSYVRASYGYTF
TRBV6-3*01,CASSSAGAAYEQYF
TRBV19*01,CASSFLAGGNEQFF
TRBV20-1*01,CSATEAGGPGNEQFF
TRBV9*01,CASSVDGGGGGYNEQFF
TRBV7-2*01,CASSPRQGQLEQYF
TRBV25-1*01,CASTGTGGFSYNEQFF
TRBV4-3*01,CASSPNSAGGTEAFF
TRBV6-6*01,CASSQTGTGAYEQYF
TRBV28*01,CASSAGSGASYEQYF
TRBV3-1*01,CASSQGQLNQPQHF
TRBV9*01,CASSAQDRGKETQYF
TRBV9*01,CASSAGTGAYEQYF
TRBV6-3*01,CASTDGGDSYTQYF
TRBV29-1*01,CSVVLVDRGADTQYF
TRBV15*01,CATSGGTSYEQFF
TRBV12-4*01,CASSPQGFSYEQYF
TRBV27*01,CASSPGHAYEQYF
TRBV7-6*01,CASSLKGNTEAFF
TRBV5-1*01,CANNCGFF
TRBV5-1*01,CASSPAAGGAYEQYF
TRBV20-1*01,CSAPTSGGPNEQFF
TRBV3-1*01,CASSQEGTSRPQHF
TRBV6-1*01,CASSGQGAYEQYF
TRBV19*01,CASSHWREESEQFF
TRBV12-4*01,CASSFPNQPQHF
TRBV20-1*01,CSAPTSGGHNEQFF
TRBV25-1*01,CASSDTGGRDEQFF
TRBV15*01,CATSREQGDTGELFF
TRBV27*01,CASSLKLAGTDTQYF
TRBV6-2*01,CASSWGDTYEQYF
TRBV27*01,CASSSTQGAAYGYTF
TRBV9*01,CASSDLAGGTDTQYF
TRBV27*01,CASSLSTGLGANVLTF
TRBV4-3*01,CASSQVAKMAKDNYGYTF
TRBV28*01,CASSLMYEQYF
TRBV6-5*01,CASSSGPAYEQYF
TRBV27*01,CASSLYPLGFGYTF
TRBV19*01,CASSGRDRQNTEAFF
TRBV9*01,CASSVGGVPYNEQFF
TRBV3-1*01,CASSIKPDGYEQYF
TRBV28*01,CASSLGLGSAKNIQYF
TRBV30*01,CAWGYQITGSAYGYTF
TRBV4-3*01,CASSQEAGGGTGELFF
TRBV7-9*01,CASTLGQTLTGELFF
TRBV29-1*01,CSVPTSGGSNEQFF
TRBV12-3*01,CASSPGLFLSNEQFF
TRBV10-2*01,CASSGGTSGAYEQYF
TRBV12-4*01,CASSSQGLSTEAFF
TRBV15*01,CATSSGTGAYEQYF
TRBV6-4*01,CASSAGQGYEQYF
TRBV20-1*01,CSASRRETQYF
TRBV6-5*01,CASSYSEQGYGYTF
TRBV6-3*01,CASSDTDRGIYGYTF
TRBV4-1*01,CASSQGDPSGTQYF
TRBV20-1*01,CSARDAPSRETQYF
TRBV4-1*01,CASSQDPTGYYGYTF
TRBV6-5*01,CASSGSSGYEQYF
TRBV15*01,CATSRATSNQPQHF
TRBV14*01,CASSQGPAAYEQYF
TRBV15*01,CATSGGGAYEQYF
TRBV6-3*01,CASNGGLAYEQYF
TRBV5-1*01,CASSPGTSGAYEQYF
TRBV20-1*01,CSARDAPSRGGTNEKLFF
TRBV20-1*01,CSASGARGADTQYF
TRBV4-3*01,CASTPLREENNEQFF
TRBV5-4*01,CASSTEREAPYEQYF
TRBV6-5*01,CASSYSSSGGAYEQYF
TRBV28*01,CASIDRDRGNIQYF
TRBV9*01,CASGTGTPYNEQFF
TRBV20-1*01,CSARASYEQYF
TRBV7-2*01,CASSWTGTSEQFF
TRBV9*01,CASSVKAGGNEQYF
TRBV29-1*01,CSVQRRADEQFF
TRBV12-4*01,CASSVAPGRDGYTF
TRBV6-3*01,CASSAAGNQPQHF
TRBV6-3*01,CASSYPNQPQHF
TRBV7-2*01,CASSPRLVAGSAYNEQFF
TRBV27*01,CASSLAGSSYEQYF
TRBV5-4*01,CASSWGGAYEQYF
TRBV7-6*01,CASSLKLNTEAFF
TRBV27*01,CASSNQGASAYGYTF
TRBV19*01,CASRPGQGYEQYF
TRBV4-1*01,CASSHSGYEQFF
TRBV7-2*01,CASSSQGAYGYTF
TRBV29-1*01,CSVVDAAPGGSYEQYF
TRBV4-3*01,CASSPTGQGAHGYTF
TRBV4-3*01,CASSPWDRANTGELFF
TRBV6-4*01,CASSEGANTEAFF
TRBV6-1*01,CASSDQTGDAYEQYF
TRBV9*01,CASSVAGGFTDTQYF
TRBV6-6*01,CASSPGTVAYEQYF
TRBV10-1*01,CASSDKFAGNPQPQHF
TRBV5-4*01,CASSYDRANYGYTF
TRBV6-4*01,CASSATGTGGYEQYF
TRBV27*01,CASSLFPDNYGYTF
TRBV6-4*01,CASSDSGTDTQYF
TRBV15*01,CATGAASSYEQYF
TRBV6-1*01,CASSEALGSTSYEQYF
TRBV7-2*01,CASSWTGTSERFF
TRBV7-2*01,CASSLGGAPYNEQFF
TRBV6-4*01,CASTPGQALNEQYF
TRBV20-1*01,CSAHAGTGGAETQYF
TRBV5-6*01,CASSRSGNYGYTF
TRBV20-1*01,CSASGDRGADTQYF
TRBV6-4*01,CASSPSGGAYGYTF
TRBV14*01,CASRKTGYTGELFF
TRBV2*01,CASSAEDRQYYNEKLFF
TRBV5-8*01,CASSLAGVEQFF
TRBV19*01,CASTWKGGGTEAFF
TRBV7-2*01,CASSLVGEGDQPQHF
TRBV27*01,CASRWGGSAGTDTQYF
TRBV10-3*01,CAISESPSGALGQFF
TRBV7-9*01,CASYTLGYTNTGELFF
TRBV27*01,CASSPSASGSSYEQYF
TRBV12-4*01,CASSYSGGGNQPQHF
TRBV20-1*01,CSASLKADEQFF
TRBV27*01,CASSPSAGPGYGYTF
TRBV19*01,CASSIAPSGVAYEQYF
TRBV29-1*01,CSVGEGLAYEQYF
TRBV4-3*01,CASSQGGYGYTF
TRBV6-4*01,CASRRPDGGEAFF
TRBV6-3*01,CASSGQGGYEQYF
TRBV3-1*01,CASSQGQANEKLFF
TRBV19*01,CASSTGPDTPPNTGELFF
TRBV15*01,CATSRESGNGKLFF
TRBV20-1*01,CSAPASGGGNEQFF
TRBV6-5*01,CASSGQGAYGYTF
TRBV9*01,CASSVGGVTYNEQFF
TRBV28*01,CASSYTTSGRSEQYF
TRBV6-6*01,CASSNGQNAYEQYF
TRBV19*01,CASSMRRGTDTQYF
TRBV20-1*01,CSAPLAGGHNEQFF
TRBV9*01,CASSDSRGTEAFF
TRBV6-3*01,CASSTGTAAYEQYF
TRBV7-9*01,CASSLFRGETQYF
TRBV20-1*01,CSAPQRQANTGELFF
TRBV9*01,CASSAGQESYEQYF
TRBV4-2*01,CASRGLVDRTYGYTF
TRBV19*01,CASSTRSSYEQYF
TRBV20-1*01,CSGGDGNTIYF
TRBV27*01,CASSLGSTGTYEQYF
TRBV7-2*01,CASSLEGQGAPGQPQHF
TRBV4-3*01,CASSQGTSGNEQFF
TRBV9*01,CASSPGLAYEQYF
TRBV9*01,CASSSTYSGGTYEQYF
TRBV15*01,CATSPGTSGDNEQFF
TRBV5-4*01,CASSPGTGGYTEAFF
TRBV29-1*01,CSVATSGGSNEQFF
TRBV4-2*01,CASSRNRDSLQETQYF
TRBV6-3*01,CASSYTGTGSQPQHF
TRBV12-4*01,CASSLGGASYEQYF
TRBV20-1*01,CSAPTSGGSNEQFF
TRBV6-5*01,CASSAQGAYGYTF
TRBV4-3*01,CASSPGQGPYEQYF
TRBV6-1*01,CASSGGQAYEQYF
TRBV12-4*01,CASTPSPSRPPLF
TRBV20-1*01,CSAAGDRGADTQYF
TRBV20-1*01,CSGGLKADTQYF
TRBV6-5*01,CASSTGATGSNNEQFF
TRBV29-1*01,CSVVDAAPGANVLTF
TRBV6-2*01,CASSGGYEHNEQFF
TRBV20-1*01,CSVPSRGYAGELFF
TRBV10-1*01,CASSESPGYGYTF
TRBV9*01,CASSSRTGDTQYF
TRBV6-4*01,CASSTTGFTDTQYF
TRBV6-1*01,CASSEAVLGGNSYEQYF
TRBV15*01,CATSRASGSYEQYF
TRBV20-1*01,CSARAEGGELFF
TRBV3-1*01,CASSQEVAYEQYF
TRBV12-3*01,CASSPGTSGIDSRSYNEQFF
TRBV5-6*01,CASSFGTGRAGYTF
TRBV4-3*01,CASSPSAGDYEQYF
TRBV20-1*01,CSASEAGGSYEQYF
TRBV6-6*01,CASSYSTEAYEQYF
TRBV20-1*01,CSASDNMVGAYEQYF
TRBV9*01,CASSPGTAYEQYF
TRBV14*01,CASSQGTISYEQYF
TRBV4-2*01,CASSQGGDGYGYTF
TRBV12-4*01,CASSPRQGNDEQYF
TRBV7-2*01,CASSQIMEAPYGYTF
TRBV9*01,CASSVATEGYEQYF
TRBV28*01,CASSTRGLRSGNTIYF
TRBV9*01,CASSAYNEQFF
TRBV6-1*01,CASSETGQPQHF
TRBV27*01,CASSLYPGTAEGGYTF
TRBV19*01,CASAPGGSYEQYF
TRBV4-2*01,CASSPGLGTYEQYF
TRBV6-3*01,CASSQAGAYEQYF
TRBV27*01,CASSPGTGAYEQYF
TRBV29-1*01,CSVTGERGTDTQYF
TRBV20-1*01,CSAPLAGGPNEQFF
TRBV5-6*01,CASSFYICSARASYEQYF
TRBV9*01,CASSVGGGREQFF
TRBV20-1*01,CSASRRGGTNEKLFF
TRBV11-2*01,CASSSGRTEHNEQFF
TRBV20-1*01,CSATGNRGADTQYF
TRBV5-8*01,CASSLPAAGYGYTF
TRBV29-1*01,CSVGGGGAGVETQYF
TRBV7-2*01,CASSLHRGTEAFF
TRBV7-2*01,CASSPGPTSYEQYF
TRBV30*01,CAWSPGPVNEQFF
TRBV12-4*01,CASGTWGARQPQHF
TRBV6-5*01,CASSPAGAYGYTF
TRBV6-4*01,CASSAGTVSYEQYF
TRBV25-1*01,CASSDWGGTGRGPEAFF
TRBV15*01,CATSESRGGGYGYTF
TRBV6-5*01,CASSYAISYEQYF
TRBV29-1*01,CSVDRRADEQFF
TRBV6-6*01,CASSKQGESNSPLHF
TRBV10-3*01,CAISEVLTGAYGYTF
TRBV19*01,CASSIGLADYNEQFF
TRBV7-9*01,CASSLNRESPYEQYF
TRBV28*01,CATEEREKDTQYF
TRBV30*01,CAWSGDRAMVSGELFF
TRBV27*01,CASSLYYLTNSYNEQFF
TRBV9*01,CASSGGTADTQYF
TRBV6-5*01,CASSSGSPGSYGYTF
TRBV15*01,CATTGGSGYEQYF
TRBV7-2*01,CASSFYGREAFF
TRBV7-2*01,CASSPTGPAYEQYF
TRBV7-9*01,CASSPQGYEQYF
TRBV11-2*01,CASNTGTDSYEQYF
TRBV7-8*01,CASSQLGNEQFF
TRBV5-1*01,CASSGTGVSPLHF
TRBV20-1*01,CSAPQRRETQYF
TRBV5-4*01,CASSLGQGGNEQFF
TRBV28*01,CASSGGTELAKNIQYF
TRBV29-1*01,CSVEGRGTDTQYF
TRBV9*01,CASSVAGGAYEQYF
TRBV9*01,CASSPQTGAVTEAFF
TRBV12-4*01,CALSDLGGSGNTGKLIF
TRBV2*01,CASRVPAYNEQFF
